Evan,Brown,evanbrown88@gmail.comSteven,Rachesky,steverachesky@gmail.comCharles,Scherr,charlesscherr@college.harvard.eduCameron,Thariani,Camt2013@gmail.comJulian,Lurie,julian6595@gmail.comElizabeth,Rosenblatt,lizzyrosenblatt@gmail.comLauren,Volpert,lgvolpert@gmail.comChambers,Loomis,Chambers.loomis@gmail.comMatthew,Urfirer,mju1220@aol.comKennedy,Edmonds,kennedy.edmonds@gmail.comLyle,Dershowitz,lyledershowitz@aol.comOliver,Falvey,Oliverfalvey@gmail.com